Variable Clínica,Odds Ratio (OR)
nivel_glucosa,1.034542850417647
nivel_hba1c,10.484585719372049
imc,1.091725663414779
hipertension,3.5619644913164197
cardiopatia,4.610465780798966
